Workbook
Name RawDataPath: Config!$B$3
Name ExpectedRowCount: Config!$B$4
Name SurveyStart: Config!$B$5
Name SurveyEnd: Config!$B$6
Name ReferenceDate: Config!$B$7
Name HouseholdMin: Config!$B$8
Name HouseholdMax: Config!$B$9
Name ScoreMin: Config!$B$10
Name ScoreMax: Config!$B$11
Name CompletionMin: Config!$B$12
Name CompletionMax: Config!$B$13
Name ValidRegions: Lookups!$A$3:$A$6
Name ValidSites: Lookups!$C$3:$C$14
Name ValidRounds: Lookups!$E$3:$E$4
Name ValidYesNo: Lookups!$F$3:$F$4
Name ValidAgeGroups: Lookups!$G$3:$G$7
Name ValidGenders: Lookups!$H$3:$H$6
Name ValidTopics: Lookups!$I$3:$I$6
Name ValidChannels: Lookups!$J$3:$J$6
Name ValidEnumerators: Lookups!$K$3:$K$10
Name SiteList: Lookups!$C$3:$C$14
Name SiteRegionList: Lookups!$D$3:$D$14

Sheet Start_Here
A1: SYNTHETIC DATA - NOT REAL PEOPLE OR PROGRAMME OPERATIONS
A3: What this is | B3: A reproducible monitoring workbook for the synthetic impact survey. Every value is fictional.
A4: Self-contained demo | B4: The Entry_Demo sheet already works: it carries a labelled sample and live QC formulas, data validation, and conditional formatting. Nothing needs wiring to inspect it.
A5: Full dataset | B5: To load all 420 rows, follow the numbered steps in excel/README.md: set the RawDataPath cell on Config, paste power_query/SurveyRaw.m into a Blank Query, then build the pivots.
A6: Automation | B6: vba/RefreshAndExportQC.bas refreshes everything and writes a timestamped QC export into excel/exports/.
A7: Parity | B7: The seven QC flags reproduce the R pipeline rules. See the QC_Rules sheet for the mapping.
A8: Verification | B8: Build and application-test results are recorded in docs/verification/excel_test_log.md.

Sheet Config
A1: SYNTHETIC DATA - NOT REAL PEOPLE OR PROGRAMME OPERATIONS
A2: Parameter | B2: Value | C2: Notes
A3: Raw data path | B3: data/raw/survey_responses_synthetic.csv | C3: Set to an absolute path before loading the query.
A4: Expected row count | B4: 420 | C4: Power Query and pivots should report this many rows.
A5: Survey start | B5: 45748 | C5: Earliest valid interview date.
A6: Survey end | B6: 45930 | C6: Latest valid interview date.
A7: Reference date | B7: 45931 | C7: Fixed analysis reference.
A8: Household minimum | B8: 1 | C8: Valid household size lower bound.
A9: Household maximum | B9: 20 | C9: Valid household size upper bound.
A10: Score minimum | B10: 1 | C10: Valid 1-5 scale lower bound.
A11: Score maximum | B11: 5 | C11: Valid 1-5 scale upper bound.
A12: Completion minutes minimum | B12: 3 | C12: Valid interview duration floor.
A13: Completion minutes maximum | B13: 60 | C13: Valid interview duration ceiling.

Sheet Lookups
A1: SYNTHETIC DATA - NOT REAL PEOPLE OR PROGRAMME OPERATIONS | code lists generated from project_config
A2: Region | B2: Region label | C2: Site | D2: Site region | E2: Round | F2: Yes/No | G2: Age group | H2: Gender | I2: Training topic | J2: Preferred channel | K2: Enumerator
A3: NORTH | B3: North Region (fictional) | C3: N01 | D3: NORTH | E3: ROUND_1 | F3: yes | G3: 18_24 | H3: woman | I3: planning | J3: community_meeting | K3: ENUM_01
A4: SOUTH | B4: South Region (fictional) | C4: N02 | D4: NORTH | E4: ROUND_2 | F4: no | G4: 25_34 | H4: man | I4: financial_skills | J4: printed_material | K4: ENUM_02
A5: EAST | B5: East Region (fictional) | C5: N03 | D5: NORTH | G5: 35_44 | H5: non_binary | I5: digital_skills | J5: radio | K5: ENUM_03
A6: WEST | B6: West Region (fictional) | C6: S01 | D6: SOUTH | G6: 45_54 | H6: prefer_not | I6: leadership | J6: none | K6: ENUM_04
C7: S02 | D7: SOUTH | G7: 55_plus | K7: ENUM_05
C8: S03 | D8: SOUTH | K8: ENUM_06
C9: E01 | D9: EAST | K9: ENUM_07
C10: E02 | D10: EAST | K10: ENUM_08
C11: E03 | D11: EAST
C12: W01 | D12: WEST
C13: W02 | D13: WEST
C14: W03 | D14: WEST

Sheet QC_Rules
A1: SYNTHETIC DATA - NOT REAL PEOPLE OR PROGRAMME OPERATIONS | Excel formulas mirror these R pipeline rules
A2: QC column | B2: Fields | C2: Rule | D2: Consent-gated
A3: qc_missing_required | B3: all required fields | C3: A required field is blank given the skip conditions. | D3: Yes
A4: qc_duplicate_response_id | B4: response_id | C4: response_id appears on more than one record. | D4: No
A5: qc_invalid_code | B5: coded fields | C5: A non-blank code is not in its allowed list. | D5: No
A6: qc_date_consistency | B6: interview / start / training dates | C6: Interview outside the survey window, start after interview, or training outside the start-to-interview span. | D6: Yes
A7: qc_out_of_range | B7: household, 1-5 scales, completion minutes | C7: A numeric value falls outside its documented bounds. | D7: Yes
A8: qc_region_site_consistency | B8: region_code, site_code | C8: The site does not belong to the selected region. | D8: Yes
A9: qc_skip_logic | B9: training / follow-up fields | C9: Fields are populated that the skip logic should leave blank. | D9: Yes

Sheet Entry_Demo
A1: SYNTHETIC DATA - NOT REAL PEOPLE OR PROGRAMME OPERATIONS | sample rows 3-13 are known issues; rows below are yours to try
A2: submission_id | B2: response_id | C2: synthetic_data | D2: survey_version | E2: survey_round | F2: interview_date | G2: program_start_date | H2: region_code | I2: site_code | J2: enumerator_code | K2: consent | L2: age_group | M2: gender | N2: household_size | O2: disability_access | P2: participated_training | Q2: training_date | R2: training_topic | S2: satisfaction_score | T2: knowledge_before | U2: knowledge_after | V2: used_skill | W2: service_access | X2: follow_up_requested | Y2: preferred_channel | Z2: open_comment | AA2: completion_minutes | AB2: qc_missing_required | AC2: qc_duplicate_response_id | AD2: qc_invalid_code | AE2: qc_date_consistency | AF2: qc_out_of_range | AG2: qc_region_site_consistency | AH2: qc_skip_logic | AI2: qc_issue_count | AJ2: qc_any_issue
A3: SUB-0064 | B3: SYN-0064 | C3: yes | D3: 1.0.0 | E3: ROUND_2 | F3: 45907 | G3: 45793 | H3: NORTH | I3: N01 | J3: ENUM_05 | K3: yes | L3: 35_44 | M3: man | N3: 4 | O3: no | P3: yes | Q3: 45905 | R3: digital_skills | S3: 3 | T3: 1 | U3: 2 | V3: no | W3: 1 | X3: no | AA3: 19.8 | AB3: =IF(COUNTA($A3:$AA3)=0,"",AND($K3="yes",OR((COUNTBLANK($E3:$J3)+COUNTBLANK($L3:$P3)+COUNTBLANK($W3:$X3)+COUNTBLANK($AA3))>0,AND($P3="yes",(COUNTBLANK($Q3:$R3)+COUNTBLANK($S3:$V3))>0),AND($X3="yes",$Y3="")))) | AC3: =IF(COUNTA($A3:$AA3)=0,"",AND($B3<>"",COUNTIF($B$3:$B$33,$B3)>1)) | AD3: =IF(COUNTA($A3:$AA3)=0,"",OR($C3<>"yes",AND($E3<>"",ISNA(MATCH($E3,ValidRounds,0))),AND($H3<>"",ISNA(MATCH($H3,ValidRegions,0))),AND($I3<>"",ISNA(MATCH($I3,ValidSites,0))),AND($J3<>"",ISNA(MATCH($J3,ValidEnumerators,0))),AND($K3<>"",ISNA(MATCH($K3,ValidYesNo,0))),AND($L3<>"",ISNA(MATCH($L3,ValidAgeGroups,0))),AND($M3<>"",ISNA(MATCH($M3,ValidGenders,0))),AND($O3<>"",ISNA(MATCH($O3,ValidYesNo,0))),AND($P3<>"",ISNA(MATCH($P3,ValidYesNo,0))),AND($R3<>"",ISNA(MATCH($R3,ValidTopics,0))),AND($V3<>"",ISNA(MATCH($V3,ValidYesNo,0))),AND($X3<>"",ISNA(MATCH($X3,ValidYesNo,0))),AND($Y3<>"",ISNA(MATCH($Y3,ValidChannels,0))))) | AE3: =IF(COUNTA($A3:$AA3)=0,"",AND($K3="yes",OR(AND($F3<>"",OR($F3<SurveyStart,$F3>SurveyEnd)),AND($G3<>"",$F3<>"",$G3>$F3),AND($P3="yes",$Q3<>"",$G3<>"",$Q3<$G3),AND($P3="yes",$Q3<>"",$F3<>"",$Q3>$F3)))) | AF3: =IF(COUNTA($A3:$AA3)=0,"",AND($K3="yes",OR(AND($N3<>"",OR($N3<HouseholdMin,$N3>HouseholdMax)),AND($S3<>"",OR($S3<ScoreMin,$S3>ScoreMax)),AND($T3<>"",OR($T3<ScoreMin,$T3>ScoreMax)),AND($U3<>"",OR($U3<ScoreMin,$U3>ScoreMax)),AND($W3<>"",OR($W3<ScoreMin,$W3>ScoreMax)),AND($AA3<>"",OR($AA3<CompletionMin,$AA3>CompletionMax))))) | AG3: =IF(COUNTA($A3:$AA3)=0,"",AND($K3="yes",$H3<>"",$I3<>"",IFERROR(INDEX(SiteRegionList,MATCH($I3,SiteList,0)),"")<>$H3)) | AH3: =IF(COUNTA($A3:$AA3)=0,"",AND($K3="yes",OR(AND($P3="no",OR($Q3<>"",$R3<>"",$S3<>"",$T3<>"",$U3<>"",$V3<>"")),AND($X3="no",$Y3<>"")))) | AI3: =IF(COUNTA($A3:$AA3)=0,"",COUNTIF($AB3:$AH3,TRUE)) | AJ3: =IF(COUNTA($A3:$AA3)=0,"",$AI3>0)
A4: SUB-0002 | B4: SYN-0002 | C4: yes | D4: 1.0.0 | E4: ROUND_1 | F4: 45857 | G4: 45766 | H4: WEST | I4: W01 | J4: ENUM_03 | K4: yes | L4: 18_24 | M4: man | N4: 6 | O4: no | P4: no | W4: 3 | X4: no | AA4: 8.3 | AB4: =IF(COUNTA($A4:$AA4)=0,"",AND($K4="yes",OR((COUNTBLANK($E4:$J4)+COUNTBLANK($L4:$P4)+COUNTBLANK($W4:$X4)+COUNTBLANK($AA4))>0,AND($P4="yes",(COUNTBLANK($Q4:$R4)+COUNTBLANK($S4:$V4))>0),AND($X4="yes",$Y4="")))) | AC4: =IF(COUNTA($A4:$AA4)=0,"",AND($B4<>"",COUNTIF($B$3:$B$33,$B4)>1)) | AD4: =IF(COUNTA($A4:$AA4)=0,"",OR($C4<>"yes",AND($E4<>"",ISNA(MATCH($E4,ValidRounds,0))),AND($H4<>"",ISNA(MATCH($H4,ValidRegions,0))),AND($I4<>"",ISNA(MATCH($I4,ValidSites,0))),AND($J4<>"",ISNA(MATCH($J4,ValidEnumerators,0))),AND($K4<>"",ISNA(MATCH($K4,ValidYesNo,0))),AND($L4<>"",ISNA(MATCH($L4,ValidAgeGroups,0))),AND($M4<>"",ISNA(MATCH($M4,ValidGenders,0))),AND($O4<>"",ISNA(MATCH($O4,ValidYesNo,0))),AND($P4<>"",ISNA(MATCH($P4,ValidYesNo,0))),AND($R4<>"",ISNA(MATCH($R4,ValidTopics,0))),AND($V4<>"",ISNA(MATCH($V4,ValidYesNo,0))),AND($X4<>"",ISNA(MATCH($X4,ValidYesNo,0))),AND($Y4<>"",ISNA(MATCH($Y4,ValidChannels,0))))) | AE4: =IF(COUNTA($A4:$AA4)=0,"",AND($K4="yes",OR(AND($F4<>"",OR($F4<SurveyStart,$F4>SurveyEnd)),AND($G4<>"",$F4<>"",$G4>$F4),AND($P4="yes",$Q4<>"",$G4<>"",$Q4<$G4),AND($P4="yes",$Q4<>"",$F4<>"",$Q4>$F4)))) | AF4: =IF(COUNTA($A4:$AA4)=0,"",AND($K4="yes",OR(AND($N4<>"",OR($N4<HouseholdMin,$N4>HouseholdMax)),AND($S4<>"",OR($S4<ScoreMin,$S4>ScoreMax)),AND($T4<>"",OR($T4<ScoreMin,$T4>ScoreMax)),AND($U4<>"",OR($U4<ScoreMin,$U4>ScoreMax)),AND($W4<>"",OR($W4<ScoreMin,$W4>ScoreMax)),AND($AA4<>"",OR($AA4<CompletionMin,$AA4>CompletionMax))))) | AG4: =IF(COUNTA($A4:$AA4)=0,"",AND($K4="yes",$H4<>"",$I4<>"",IFERROR(INDEX(SiteRegionList,MATCH($I4,SiteList,0)),"")<>$H4)) | AH4: =IF(COUNTA($A4:$AA4)=0,"",AND($K4="yes",OR(AND($P4="no",OR($Q4<>"",$R4<>"",$S4<>"",$T4<>"",$U4<>"",$V4<>"")),AND($X4="no",$Y4<>"")))) | AI4: =IF(COUNTA($A4:$AA4)=0,"",COUNTIF($AB4:$AH4,TRUE)) | AJ4: =IF(COUNTA($A4:$AA4)=0,"",$AI4>0)
A5: SUB-0003 | B5: SYN-0003 | C5: yes | D5: 1.0.0 | E5: ROUND_1 | F5: 45873 | G5: 45740 | H5: NORTH | I5: N01 | J5: ENUM_06 | K5: yes | L5: 25_34 | M5: man | N5: 4 | O5: yes | P5: no | W5: 5 | X5: no | AA5: 16.6 | AB5: =IF(COUNTA($A5:$AA5)=0,"",AND($K5="yes",OR((COUNTBLANK($E5:$J5)+COUNTBLANK($L5:$P5)+COUNTBLANK($W5:$X5)+COUNTBLANK($AA5))>0,AND($P5="yes",(COUNTBLANK($Q5:$R5)+COUNTBLANK($S5:$V5))>0),AND($X5="yes",$Y5="")))) | AC5: =IF(COUNTA($A5:$AA5)=0,"",AND($B5<>"",COUNTIF($B$3:$B$33,$B5)>1)) | AD5: =IF(COUNTA($A5:$AA5)=0,"",OR($C5<>"yes",AND($E5<>"",ISNA(MATCH($E5,ValidRounds,0))),AND($H5<>"",ISNA(MATCH($H5,ValidRegions,0))),AND($I5<>"",ISNA(MATCH($I5,ValidSites,0))),AND($J5<>"",ISNA(MATCH($J5,ValidEnumerators,0))),AND($K5<>"",ISNA(MATCH($K5,ValidYesNo,0))),AND($L5<>"",ISNA(MATCH($L5,ValidAgeGroups,0))),AND($M5<>"",ISNA(MATCH($M5,ValidGenders,0))),AND($O5<>"",ISNA(MATCH($O5,ValidYesNo,0))),AND($P5<>"",ISNA(MATCH($P5,ValidYesNo,0))),AND($R5<>"",ISNA(MATCH($R5,ValidTopics,0))),AND($V5<>"",ISNA(MATCH($V5,ValidYesNo,0))),AND($X5<>"",ISNA(MATCH($X5,ValidYesNo,0))),AND($Y5<>"",ISNA(MATCH($Y5,ValidChannels,0))))) | AE5: =IF(COUNTA($A5:$AA5)=0,"",AND($K5="yes",OR(AND($F5<>"",OR($F5<SurveyStart,$F5>SurveyEnd)),AND($G5<>"",$F5<>"",$G5>$F5),AND($P5="yes",$Q5<>"",$G5<>"",$Q5<$G5),AND($P5="yes",$Q5<>"",$F5<>"",$Q5>$F5)))) | AF5: =IF(COUNTA($A5:$AA5)=0,"",AND($K5="yes",OR(AND($N5<>"",OR($N5<HouseholdMin,$N5>HouseholdMax)),AND($S5<>"",OR($S5<ScoreMin,$S5>ScoreMax)),AND($T5<>"",OR($T5<ScoreMin,$T5>ScoreMax)),AND($U5<>"",OR($U5<ScoreMin,$U5>ScoreMax)),AND($W5<>"",OR($W5<ScoreMin,$W5>ScoreMax)),AND($AA5<>"",OR($AA5<CompletionMin,$AA5>CompletionMax))))) | AG5: =IF(COUNTA($A5:$AA5)=0,"",AND($K5="yes",$H5<>"",$I5<>"",IFERROR(INDEX(SiteRegionList,MATCH($I5,SiteList,0)),"")<>$H5)) | AH5: =IF(COUNTA($A5:$AA5)=0,"",AND($K5="yes",OR(AND($P5="no",OR($Q5<>"",$R5<>"",$S5<>"",$T5<>"",$U5<>"",$V5<>"")),AND($X5="no",$Y5<>"")))) | AI5: =IF(COUNTA($A5:$AA5)=0,"",COUNTIF($AB5:$AH5,TRUE)) | AJ5: =IF(COUNTA($A5:$AA5)=0,"",$AI5>0)
A6: SUB-0239 | B6: SYN-0239 | C6: yes | D6: 1.0.0 | E6: ROUND_1 | F6: 45851 | G6: 45810 | H6: EAST | I6: E02 | J6: ENUM_06 | K6: yes | L6: 18_24 | M6: man | N6: 8 | O6: no | P6: yes | Q6: 45850 | R6: planning | S6: 5 | T6: 2 | U6: 2 | V6: yes | W6: 4 | X6: yes | Y6: radio | AA6: 19.5 | AB6: =IF(COUNTA($A6:$AA6)=0,"",AND($K6="yes",OR((COUNTBLANK($E6:$J6)+COUNTBLANK($L6:$P6)+COUNTBLANK($W6:$X6)+COUNTBLANK($AA6))>0,AND($P6="yes",(COUNTBLANK($Q6:$R6)+COUNTBLANK($S6:$V6))>0),AND($X6="yes",$Y6="")))) | AC6: =IF(COUNTA($A6:$AA6)=0,"",AND($B6<>"",COUNTIF($B$3:$B$33,$B6)>1)) | AD6: =IF(COUNTA($A6:$AA6)=0,"",OR($C6<>"yes",AND($E6<>"",ISNA(MATCH($E6,ValidRounds,0))),AND($H6<>"",ISNA(MATCH($H6,ValidRegions,0))),AND($I6<>"",ISNA(MATCH($I6,ValidSites,0))),AND($J6<>"",ISNA(MATCH($J6,ValidEnumerators,0))),AND($K6<>"",ISNA(MATCH($K6,ValidYesNo,0))),AND($L6<>"",ISNA(MATCH($L6,ValidAgeGroups,0))),AND($M6<>"",ISNA(MATCH($M6,ValidGenders,0))),AND($O6<>"",ISNA(MATCH($O6,ValidYesNo,0))),AND($P6<>"",ISNA(MATCH($P6,ValidYesNo,0))),AND($R6<>"",ISNA(MATCH($R6,ValidTopics,0))),AND($V6<>"",ISNA(MATCH($V6,ValidYesNo,0))),AND($X6<>"",ISNA(MATCH($X6,ValidYesNo,0))),AND($Y6<>"",ISNA(MATCH($Y6,ValidChannels,0))))) | AE6: =IF(COUNTA($A6:$AA6)=0,"",AND($K6="yes",OR(AND($F6<>"",OR($F6<SurveyStart,$F6>SurveyEnd)),AND($G6<>"",$F6<>"",$G6>$F6),AND($P6="yes",$Q6<>"",$G6<>"",$Q6<$G6),AND($P6="yes",$Q6<>"",$F6<>"",$Q6>$F6)))) | AF6: =IF(COUNTA($A6:$AA6)=0,"",AND($K6="yes",OR(AND($N6<>"",OR($N6<HouseholdMin,$N6>HouseholdMax)),AND($S6<>"",OR($S6<ScoreMin,$S6>ScoreMax)),AND($T6<>"",OR($T6<ScoreMin,$T6>ScoreMax)),AND($U6<>"",OR($U6<ScoreMin,$U6>ScoreMax)),AND($W6<>"",OR($W6<ScoreMin,$W6>ScoreMax)),AND($AA6<>"",OR($AA6<CompletionMin,$AA6>CompletionMax))))) | AG6: =IF(COUNTA($A6:$AA6)=0,"",AND($K6="yes",$H6<>"",$I6<>"",IFERROR(INDEX(SiteRegionList,MATCH($I6,SiteList,0)),"")<>$H6)) | AH6: =IF(COUNTA($A6:$AA6)=0,"",AND($K6="yes",OR(AND($P6="no",OR($Q6<>"",$R6<>"",$S6<>"",$T6<>"",$U6<>"",$V6<>"")),AND($X6="no",$Y6<>"")))) | AI6: =IF(COUNTA($A6:$AA6)=0,"",COUNTIF($AB6:$AH6,TRUE)) | AJ6: =IF(COUNTA($A6:$AA6)=0,"",$AI6>0)
A7: SUB-DUP-001 | B7: SYN-0239 | C7: yes | D7: 1.0.0 | E7: ROUND_1 | F7: 45851 | G7: 45810 | H7: EAST | I7: E02 | J7: ENUM_06 | K7: yes | L7: 18_24 | M7: man | N7: 8 | O7: no | P7: yes | Q7: 45850 | R7: planning | S7: 5 | T7: 2 | U7: 2 | V7: yes | W7: 4 | X7: yes | Y7: radio | AA7: 19.5 | AB7: =IF(COUNTA($A7:$AA7)=0,"",AND($K7="yes",OR((COUNTBLANK($E7:$J7)+COUNTBLANK($L7:$P7)+COUNTBLANK($W7:$X7)+COUNTBLANK($AA7))>0,AND($P7="yes",(COUNTBLANK($Q7:$R7)+COUNTBLANK($S7:$V7))>0),AND($X7="yes",$Y7="")))) | AC7: =IF(COUNTA($A7:$AA7)=0,"",AND($B7<>"",COUNTIF($B$3:$B$33,$B7)>1)) | AD7: =IF(COUNTA($A7:$AA7)=0,"",OR($C7<>"yes",AND($E7<>"",ISNA(MATCH($E7,ValidRounds,0))),AND($H7<>"",ISNA(MATCH($H7,ValidRegions,0))),AND($I7<>"",ISNA(MATCH($I7,ValidSites,0))),AND($J7<>"",ISNA(MATCH($J7,ValidEnumerators,0))),AND($K7<>"",ISNA(MATCH($K7,ValidYesNo,0))),AND($L7<>"",ISNA(MATCH($L7,ValidAgeGroups,0))),AND($M7<>"",ISNA(MATCH($M7,ValidGenders,0))),AND($O7<>"",ISNA(MATCH($O7,ValidYesNo,0))),AND($P7<>"",ISNA(MATCH($P7,ValidYesNo,0))),AND($R7<>"",ISNA(MATCH($R7,ValidTopics,0))),AND($V7<>"",ISNA(MATCH($V7,ValidYesNo,0))),AND($X7<>"",ISNA(MATCH($X7,ValidYesNo,0))),AND($Y7<>"",ISNA(MATCH($Y7,ValidChannels,0))))) | AE7: =IF(COUNTA($A7:$AA7)=0,"",AND($K7="yes",OR(AND($F7<>"",OR($F7<SurveyStart,$F7>SurveyEnd)),AND($G7<>"",$F7<>"",$G7>$F7),AND($P7="yes",$Q7<>"",$G7<>"",$Q7<$G7),AND($P7="yes",$Q7<>"",$F7<>"",$Q7>$F7)))) | AF7: =IF(COUNTA($A7:$AA7)=0,"",AND($K7="yes",OR(AND($N7<>"",OR($N7<HouseholdMin,$N7>HouseholdMax)),AND($S7<>"",OR($S7<ScoreMin,$S7>ScoreMax)),AND($T7<>"",OR($T7<ScoreMin,$T7>ScoreMax)),AND($U7<>"",OR($U7<ScoreMin,$U7>ScoreMax)),AND($W7<>"",OR($W7<ScoreMin,$W7>ScoreMax)),AND($AA7<>"",OR($AA7<CompletionMin,$AA7>CompletionMax))))) | AG7: =IF(COUNTA($A7:$AA7)=0,"",AND($K7="yes",$H7<>"",$I7<>"",IFERROR(INDEX(SiteRegionList,MATCH($I7,SiteList,0)),"")<>$H7)) | AH7: =IF(COUNTA($A7:$AA7)=0,"",AND($K7="yes",OR(AND($P7="no",OR($Q7<>"",$R7<>"",$S7<>"",$T7<>"",$U7<>"",$V7<>"")),AND($X7="no",$Y7<>"")))) | AI7: =IF(COUNTA($A7:$AA7)=0,"",COUNTIF($AB7:$AH7,TRUE)) | AJ7: =IF(COUNTA($A7:$AA7)=0,"",$AI7>0)
A8: SUB-0116 | B8: SYN-0116 | C8: yes | D8: 1.0.0 | E8: ROUND_1 | F8: 45913 | G8: 45852 | H8: NORTH | I8: N03 | J8: ENUM_07 | K8: yes | L8: 25_34 | N8: 2 | O8: no | P8: yes | Q8: 45867 | R8: digital_skills | S8: 4 | T8: 4 | U8: 5 | V8: yes | W8: 4 | X8: no | AA8: 12.6 | AB8: =IF(COUNTA($A8:$AA8)=0,"",AND($K8="yes",OR((COUNTBLANK($E8:$J8)+COUNTBLANK($L8:$P8)+COUNTBLANK($W8:$X8)+COUNTBLANK($AA8))>0,AND($P8="yes",(COUNTBLANK($Q8:$R8)+COUNTBLANK($S8:$V8))>0),AND($X8="yes",$Y8="")))) | AC8: =IF(COUNTA($A8:$AA8)=0,"",AND($B8<>"",COUNTIF($B$3:$B$33,$B8)>1)) | AD8: =IF(COUNTA($A8:$AA8)=0,"",OR($C8<>"yes",AND($E8<>"",ISNA(MATCH($E8,ValidRounds,0))),AND($H8<>"",ISNA(MATCH($H8,ValidRegions,0))),AND($I8<>"",ISNA(MATCH($I8,ValidSites,0))),AND($J8<>"",ISNA(MATCH($J8,ValidEnumerators,0))),AND($K8<>"",ISNA(MATCH($K8,ValidYesNo,0))),AND($L8<>"",ISNA(MATCH($L8,ValidAgeGroups,0))),AND($M8<>"",ISNA(MATCH($M8,ValidGenders,0))),AND($O8<>"",ISNA(MATCH($O8,ValidYesNo,0))),AND($P8<>"",ISNA(MATCH($P8,ValidYesNo,0))),AND($R8<>"",ISNA(MATCH($R8,ValidTopics,0))),AND($V8<>"",ISNA(MATCH($V8,ValidYesNo,0))),AND($X8<>"",ISNA(MATCH($X8,ValidYesNo,0))),AND($Y8<>"",ISNA(MATCH($Y8,ValidChannels,0))))) | AE8: =IF(COUNTA($A8:$AA8)=0,"",AND($K8="yes",OR(AND($F8<>"",OR($F8<SurveyStart,$F8>SurveyEnd)),AND($G8<>"",$F8<>"",$G8>$F8),AND($P8="yes",$Q8<>"",$G8<>"",$Q8<$G8),AND($P8="yes",$Q8<>"",$F8<>"",$Q8>$F8)))) | AF8: =IF(COUNTA($A8:$AA8)=0,"",AND($K8="yes",OR(AND($N8<>"",OR($N8<HouseholdMin,$N8>HouseholdMax)),AND($S8<>"",OR($S8<ScoreMin,$S8>ScoreMax)),AND($T8<>"",OR($T8<ScoreMin,$T8>ScoreMax)),AND($U8<>"",OR($U8<ScoreMin,$U8>ScoreMax)),AND($W8<>"",OR($W8<ScoreMin,$W8>ScoreMax)),AND($AA8<>"",OR($AA8<CompletionMin,$AA8>CompletionMax))))) | AG8: =IF(COUNTA($A8:$AA8)=0,"",AND($K8="yes",$H8<>"",$I8<>"",IFERROR(INDEX(SiteRegionList,MATCH($I8,SiteList,0)),"")<>$H8)) | AH8: =IF(COUNTA($A8:$AA8)=0,"",AND($K8="yes",OR(AND($P8="no",OR($Q8<>"",$R8<>"",$S8<>"",$T8<>"",$U8<>"",$V8<>"")),AND($X8="no",$Y8<>"")))) | AI8: =IF(COUNTA($A8:$AA8)=0,"",COUNTIF($AB8:$AH8,TRUE)) | AJ8: =IF(COUNTA($A8:$AA8)=0,"",$AI8>0)
A9: SUB-0192 | B9: SYN-0192 | C9: yes | D9: 1.0.0 | E9: ROUND_2 | F9: 45808 | G9: 45701 | H9: CENTRAL | I9: E03 | J9: ENUM_02 | K9: yes | L9: 25_34 | M9: woman | N9: 3 | O9: no | P9: yes | Q9: 45772 | R9: digital_skills | S9: 4 | T9: 2 | U9: 4 | V9: no | W9: 3 | X9: no | AA9: 15.9 | AB9: =IF(COUNTA($A9:$AA9)=0,"",AND($K9="yes",OR((COUNTBLANK($E9:$J9)+COUNTBLANK($L9:$P9)+COUNTBLANK($W9:$X9)+COUNTBLANK($AA9))>0,AND($P9="yes",(COUNTBLANK($Q9:$R9)+COUNTBLANK($S9:$V9))>0),AND($X9="yes",$Y9="")))) | AC9: =IF(COUNTA($A9:$AA9)=0,"",AND($B9<>"",COUNTIF($B$3:$B$33,$B9)>1)) | AD9: =IF(COUNTA($A9:$AA9)=0,"",OR($C9<>"yes",AND($E9<>"",ISNA(MATCH($E9,ValidRounds,0))),AND($H9<>"",ISNA(MATCH($H9,ValidRegions,0))),AND($I9<>"",ISNA(MATCH($I9,ValidSites,0))),AND($J9<>"",ISNA(MATCH($J9,ValidEnumerators,0))),AND($K9<>"",ISNA(MATCH($K9,ValidYesNo,0))),AND($L9<>"",ISNA(MATCH($L9,ValidAgeGroups,0))),AND($M9<>"",ISNA(MATCH($M9,ValidGenders,0))),AND($O9<>"",ISNA(MATCH($O9,ValidYesNo,0))),AND($P9<>"",ISNA(MATCH($P9,ValidYesNo,0))),AND($R9<>"",ISNA(MATCH($R9,ValidTopics,0))),AND($V9<>"",ISNA(MATCH($V9,ValidYesNo,0))),AND($X9<>"",ISNA(MATCH($X9,ValidYesNo,0))),AND($Y9<>"",ISNA(MATCH($Y9,ValidChannels,0))))) | AE9: =IF(COUNTA($A9:$AA9)=0,"",AND($K9="yes",OR(AND($F9<>"",OR($F9<SurveyStart,$F9>SurveyEnd)),AND($G9<>"",$F9<>"",$G9>$F9),AND($P9="yes",$Q9<>"",$G9<>"",$Q9<$G9),AND($P9="yes",$Q9<>"",$F9<>"",$Q9>$F9)))) | AF9: =IF(COUNTA($A9:$AA9)=0,"",AND($K9="yes",OR(AND($N9<>"",OR($N9<HouseholdMin,$N9>HouseholdMax)),AND($S9<>"",OR($S9<ScoreMin,$S9>ScoreMax)),AND($T9<>"",OR($T9<ScoreMin,$T9>ScoreMax)),AND($U9<>"",OR($U9<ScoreMin,$U9>ScoreMax)),AND($W9<>"",OR($W9<ScoreMin,$W9>ScoreMax)),AND($AA9<>"",OR($AA9<CompletionMin,$AA9>CompletionMax))))) | AG9: =IF(COUNTA($A9:$AA9)=0,"",AND($K9="yes",$H9<>"",$I9<>"",IFERROR(INDEX(SiteRegionList,MATCH($I9,SiteList,0)),"")<>$H9)) | AH9: =IF(COUNTA($A9:$AA9)=0,"",AND($K9="yes",OR(AND($P9="no",OR($Q9<>"",$R9<>"",$S9<>"",$T9<>"",$U9<>"",$V9<>"")),AND($X9="no",$Y9<>"")))) | AI9: =IF(COUNTA($A9:$AA9)=0,"",COUNTIF($AB9:$AH9,TRUE)) | AJ9: =IF(COUNTA($A9:$AA9)=0,"",$AI9>0)
A10: SUB-0009 | B10: SYN-0009 | C10: yes | D10: 1.0.0 | E10: ROUND_1 | F10: 45859 | G10: 45814 | H10: SOUTH | I10: S02 | J10: ENUM_04 | K10: yes | L10: 18_24 | M10: woman | N10: 3 | O10: no | P10: yes | Q10: 45641 | R10: planning | S10: 4 | T10: 2 | U10: 4 | V10: yes | W10: 4 | X10: yes | Y10: community_meeting | AA10: 11.6 | AB10: =IF(COUNTA($A10:$AA10)=0,"",AND($K10="yes",OR((COUNTBLANK($E10:$J10)+COUNTBLANK($L10:$P10)+COUNTBLANK($W10:$X10)+COUNTBLANK($AA10))>0,AND($P10="yes",(COUNTBLANK($Q10:$R10)+COUNTBLANK($S10:$V10))>0),AND($X10="yes",$Y10="")))) | AC10: =IF(COUNTA($A10:$AA10)=0,"",AND($B10<>"",COUNTIF($B$3:$B$33,$B10)>1)) | AD10: =IF(COUNTA($A10:$AA10)=0,"",OR($C10<>"yes",AND($E10<>"",ISNA(MATCH($E10,ValidRounds,0))),AND($H10<>"",ISNA(MATCH($H10,ValidRegions,0))),AND($I10<>"",ISNA(MATCH($I10,ValidSites,0))),AND($J10<>"",ISNA(MATCH($J10,ValidEnumerators,0))),AND($K10<>"",ISNA(MATCH($K10,ValidYesNo,0))),AND($L10<>"",ISNA(MATCH($L10,ValidAgeGroups,0))),AND($M10<>"",ISNA(MATCH($M10,ValidGenders,0))),AND($O10<>"",ISNA(MATCH($O10,ValidYesNo,0))),AND($P10<>"",ISNA(MATCH($P10,ValidYesNo,0))),AND($R10<>"",ISNA(MATCH($R10,ValidTopics,0))),AND($V10<>"",ISNA(MATCH($V10,ValidYesNo,0))),AND($X10<>"",ISNA(MATCH($X10,ValidYesNo,0))),AND($Y10<>"",ISNA(MATCH($Y10,ValidChannels,0))))) | AE10: =IF(COUNTA($A10:$AA10)=0,"",AND($K10="yes",OR(AND($F10<>"",OR($F10<SurveyStart,$F10>SurveyEnd)),AND($G10<>"",$F10<>"",$G10>$F10),AND($P10="yes",$Q10<>"",$G10<>"",$Q10<$G10),AND($P10="yes",$Q10<>"",$F10<>"",$Q10>$F10)))) | AF10: =IF(COUNTA($A10:$AA10)=0,"",AND($K10="yes",OR(AND($N10<>"",OR($N10<HouseholdMin,$N10>HouseholdMax)),AND($S10<>"",OR($S10<ScoreMin,$S10>ScoreMax)),AND($T10<>"",OR($T10<ScoreMin,$T10>ScoreMax)),AND($U10<>"",OR($U10<ScoreMin,$U10>ScoreMax)),AND($W10<>"",OR($W10<ScoreMin,$W10>ScoreMax)),AND($AA10<>"",OR($AA10<CompletionMin,$AA10>CompletionMax))))) | AG10: =IF(COUNTA($A10:$AA10)=0,"",AND($K10="yes",$H10<>"",$I10<>"",IFERROR(INDEX(SiteRegionList,MATCH($I10,SiteList,0)),"")<>$H10)) | AH10: =IF(COUNTA($A10:$AA10)=0,"",AND($K10="yes",OR(AND($P10="no",OR($Q10<>"",$R10<>"",$S10<>"",$T10<>"",$U10<>"",$V10<>"")),AND($X10="no",$Y10<>"")))) | AI10: =IF(COUNTA($A10:$AA10)=0,"",COUNTIF($AB10:$AH10,TRUE)) | AJ10: =IF(COUNTA($A10:$AA10)=0,"",$AI10>0)
A11: SUB-0001 | B11: SYN-0001 | C11: yes | D11: 1.0.0 | E11: ROUND_2 | F11: 45890 | G11: 45789 | H11: WEST | I11: W01 | J11: ENUM_02 | K11: yes | L11: 18_24 | M11: woman | N11: 7 | O11: no | P11: yes | Q11: 45866 | R11: financial_skills | S11: 4 | T11: 4 | U11: 5 | V11: no | W11: 3 | X11: no | AA11: 180 | AB11: =IF(COUNTA($A11:$AA11)=0,"",AND($K11="yes",OR((COUNTBLANK($E11:$J11)+COUNTBLANK($L11:$P11)+COUNTBLANK($W11:$X11)+COUNTBLANK($AA11))>0,AND($P11="yes",(COUNTBLANK($Q11:$R11)+COUNTBLANK($S11:$V11))>0),AND($X11="yes",$Y11="")))) | AC11: =IF(COUNTA($A11:$AA11)=0,"",AND($B11<>"",COUNTIF($B$3:$B$33,$B11)>1)) | AD11: =IF(COUNTA($A11:$AA11)=0,"",OR($C11<>"yes",AND($E11<>"",ISNA(MATCH($E11,ValidRounds,0))),AND($H11<>"",ISNA(MATCH($H11,ValidRegions,0))),AND($I11<>"",ISNA(MATCH($I11,ValidSites,0))),AND($J11<>"",ISNA(MATCH($J11,ValidEnumerators,0))),AND($K11<>"",ISNA(MATCH($K11,ValidYesNo,0))),AND($L11<>"",ISNA(MATCH($L11,ValidAgeGroups,0))),AND($M11<>"",ISNA(MATCH($M11,ValidGenders,0))),AND($O11<>"",ISNA(MATCH($O11,ValidYesNo,0))),AND($P11<>"",ISNA(MATCH($P11,ValidYesNo,0))),AND($R11<>"",ISNA(MATCH($R11,ValidTopics,0))),AND($V11<>"",ISNA(MATCH($V11,ValidYesNo,0))),AND($X11<>"",ISNA(MATCH($X11,ValidYesNo,0))),AND($Y11<>"",ISNA(MATCH($Y11,ValidChannels,0))))) | AE11: =IF(COUNTA($A11:$AA11)=0,"",AND($K11="yes",OR(AND($F11<>"",OR($F11<SurveyStart,$F11>SurveyEnd)),AND($G11<>"",$F11<>"",$G11>$F11),AND($P11="yes",$Q11<>"",$G11<>"",$Q11<$G11),AND($P11="yes",$Q11<>"",$F11<>"",$Q11>$F11)))) | AF11: =IF(COUNTA($A11:$AA11)=0,"",AND($K11="yes",OR(AND($N11<>"",OR($N11<HouseholdMin,$N11>HouseholdMax)),AND($S11<>"",OR($S11<ScoreMin,$S11>ScoreMax)),AND($T11<>"",OR($T11<ScoreMin,$T11>ScoreMax)),AND($U11<>"",OR($U11<ScoreMin,$U11>ScoreMax)),AND($W11<>"",OR($W11<ScoreMin,$W11>ScoreMax)),AND($AA11<>"",OR($AA11<CompletionMin,$AA11>CompletionMax))))) | AG11: =IF(COUNTA($A11:$AA11)=0,"",AND($K11="yes",$H11<>"",$I11<>"",IFERROR(INDEX(SiteRegionList,MATCH($I11,SiteList,0)),"")<>$H11)) | AH11: =IF(COUNTA($A11:$AA11)=0,"",AND($K11="yes",OR(AND($P11="no",OR($Q11<>"",$R11<>"",$S11<>"",$T11<>"",$U11<>"",$V11<>"")),AND($X11="no",$Y11<>"")))) | AI11: =IF(COUNTA($A11:$AA11)=0,"",COUNTIF($AB11:$AH11,TRUE)) | AJ11: =IF(COUNTA($A11:$AA11)=0,"",$AI11>0)
A12: SUB-0197 | B12: SYN-0197 | C12: yes | D12: 1.0.0 | E12: ROUND_2 | F12: 45925 | G12: 45832 | H12: SOUTH | I12: E01 | J12: ENUM_01 | K12: yes | L12: 25_34 | M12: woman | N12: 3 | O12: yes | P12: yes | Q12: 45905 | R12: digital_skills | S12: 3 | T12: 2 | U12: 3 | V12: yes | W12: 3 | X12: no | AA12: 22.6 | AB12: =IF(COUNTA($A12:$AA12)=0,"",AND($K12="yes",OR((COUNTBLANK($E12:$J12)+COUNTBLANK($L12:$P12)+COUNTBLANK($W12:$X12)+COUNTBLANK($AA12))>0,AND($P12="yes",(COUNTBLANK($Q12:$R12)+COUNTBLANK($S12:$V12))>0),AND($X12="yes",$Y12="")))) | AC12: =IF(COUNTA($A12:$AA12)=0,"",AND($B12<>"",COUNTIF($B$3:$B$33,$B12)>1)) | AD12: =IF(COUNTA($A12:$AA12)=0,"",OR($C12<>"yes",AND($E12<>"",ISNA(MATCH($E12,ValidRounds,0))),AND($H12<>"",ISNA(MATCH($H12,ValidRegions,0))),AND($I12<>"",ISNA(MATCH($I12,ValidSites,0))),AND($J12<>"",ISNA(MATCH($J12,ValidEnumerators,0))),AND($K12<>"",ISNA(MATCH($K12,ValidYesNo,0))),AND($L12<>"",ISNA(MATCH($L12,ValidAgeGroups,0))),AND($M12<>"",ISNA(MATCH($M12,ValidGenders,0))),AND($O12<>"",ISNA(MATCH($O12,ValidYesNo,0))),AND($P12<>"",ISNA(MATCH($P12,ValidYesNo,0))),AND($R12<>"",ISNA(MATCH($R12,ValidTopics,0))),AND($V12<>"",ISNA(MATCH($V12,ValidYesNo,0))),AND($X12<>"",ISNA(MATCH($X12,ValidYesNo,0))),AND($Y12<>"",ISNA(MATCH($Y12,ValidChannels,0))))) | AE12: =IF(COUNTA($A12:$AA12)=0,"",AND($K12="yes",OR(AND($F12<>"",OR($F12<SurveyStart,$F12>SurveyEnd)),AND($G12<>"",$F12<>"",$G12>$F12),AND($P12="yes",$Q12<>"",$G12<>"",$Q12<$G12),AND($P12="yes",$Q12<>"",$F12<>"",$Q12>$F12)))) | AF12: =IF(COUNTA($A12:$AA12)=0,"",AND($K12="yes",OR(AND($N12<>"",OR($N12<HouseholdMin,$N12>HouseholdMax)),AND($S12<>"",OR($S12<ScoreMin,$S12>ScoreMax)),AND($T12<>"",OR($T12<ScoreMin,$T12>ScoreMax)),AND($U12<>"",OR($U12<ScoreMin,$U12>ScoreMax)),AND($W12<>"",OR($W12<ScoreMin,$W12>ScoreMax)),AND($AA12<>"",OR($AA12<CompletionMin,$AA12>CompletionMax))))) | AG12: =IF(COUNTA($A12:$AA12)=0,"",AND($K12="yes",$H12<>"",$I12<>"",IFERROR(INDEX(SiteRegionList,MATCH($I12,SiteList,0)),"")<>$H12)) | AH12: =IF(COUNTA($A12:$AA12)=0,"",AND($K12="yes",OR(AND($P12="no",OR($Q12<>"",$R12<>"",$S12<>"",$T12<>"",$U12<>"",$V12<>"")),AND($X12="no",$Y12<>"")))) | AI12: =IF(COUNTA($A12:$AA12)=0,"",COUNTIF($AB12:$AH12,TRUE)) | AJ12: =IF(COUNTA($A12:$AA12)=0,"",$AI12>0)
A13: SUB-0033 | B13: SYN-0033 | C13: yes | D13: 1.0.0 | E13: ROUND_2 | F13: 45781 | G13: 45673 | H13: WEST | I13: W03 | J13: ENUM_05 | K13: yes | L13: 25_34 | M13: woman | N13: 4 | O13: yes | P13: no | Q13: 45781 | R13: digital_skills | S13: 4 | T13: 2 | U13: 4 | V13: yes | W13: 2 | X13: no | AA13: 17.5 | AB13: =IF(COUNTA($A13:$AA13)=0,"",AND($K13="yes",OR((COUNTBLANK($E13:$J13)+COUNTBLANK($L13:$P13)+COUNTBLANK($W13:$X13)+COUNTBLANK($AA13))>0,AND($P13="yes",(COUNTBLANK($Q13:$R13)+COUNTBLANK($S13:$V13))>0),AND($X13="yes",$Y13="")))) | AC13: =IF(COUNTA($A13:$AA13)=0,"",AND($B13<>"",COUNTIF($B$3:$B$33,$B13)>1)) | AD13: =IF(COUNTA($A13:$AA13)=0,"",OR($C13<>"yes",AND($E13<>"",ISNA(MATCH($E13,ValidRounds,0))),AND($H13<>"",ISNA(MATCH($H13,ValidRegions,0))),AND($I13<>"",ISNA(MATCH($I13,ValidSites,0))),AND($J13<>"",ISNA(MATCH($J13,ValidEnumerators,0))),AND($K13<>"",ISNA(MATCH($K13,ValidYesNo,0))),AND($L13<>"",ISNA(MATCH($L13,ValidAgeGroups,0))),AND($M13<>"",ISNA(MATCH($M13,ValidGenders,0))),AND($O13<>"",ISNA(MATCH($O13,ValidYesNo,0))),AND($P13<>"",ISNA(MATCH($P13,ValidYesNo,0))),AND($R13<>"",ISNA(MATCH($R13,ValidTopics,0))),AND($V13<>"",ISNA(MATCH($V13,ValidYesNo,0))),AND($X13<>"",ISNA(MATCH($X13,ValidYesNo,0))),AND($Y13<>"",ISNA(MATCH($Y13,ValidChannels,0))))) | AE13: =IF(COUNTA($A13:$AA13)=0,"",AND($K13="yes",OR(AND($F13<>"",OR($F13<SurveyStart,$F13>SurveyEnd)),AND($G13<>"",$F13<>"",$G13>$F13),AND($P13="yes",$Q13<>"",$G13<>"",$Q13<$G13),AND($P13="yes",$Q13<>"",$F13<>"",$Q13>$F13)))) | AF13: =IF(COUNTA($A13:$AA13)=0,"",AND($K13="yes",OR(AND($N13<>"",OR($N13<HouseholdMin,$N13>HouseholdMax)),AND($S13<>"",OR($S13<ScoreMin,$S13>ScoreMax)),AND($T13<>"",OR($T13<ScoreMin,$T13>ScoreMax)),AND($U13<>"",OR($U13<ScoreMin,$U13>ScoreMax)),AND($W13<>"",OR($W13<ScoreMin,$W13>ScoreMax)),AND($AA13<>"",OR($AA13<CompletionMin,$AA13>CompletionMax))))) | AG13: =IF(COUNTA($A13:$AA13)=0,"",AND($K13="yes",$H13<>"",$I13<>"",IFERROR(INDEX(SiteRegionList,MATCH($I13,SiteList,0)),"")<>$H13)) | AH13: =IF(COUNTA($A13:$AA13)=0,"",AND($K13="yes",OR(AND($P13="no",OR($Q13<>"",$R13<>"",$S13<>"",$T13<>"",$U13<>"",$V13<>"")),AND($X13="no",$Y13<>"")))) | AI13: =IF(COUNTA($A13:$AA13)=0,"",COUNTIF($AB13:$AH13,TRUE)) | AJ13: =IF(COUNTA($A13:$AA13)=0,"",$AI13>0)
AB14: =IF(COUNTA($A14:$AA14)=0,"",AND($K14="yes",OR((COUNTBLANK($E14:$J14)+COUNTBLANK($L14:$P14)+COUNTBLANK($W14:$X14)+COUNTBLANK($AA14))>0,AND($P14="yes",(COUNTBLANK($Q14:$R14)+COUNTBLANK($S14:$V14))>0),AND($X14="yes",$Y14="")))) | AC14: =IF(COUNTA($A14:$AA14)=0,"",AND($B14<>"",COUNTIF($B$3:$B$33,$B14)>1)) | AD14: =IF(COUNTA($A14:$AA14)=0,"",OR($C14<>"yes",AND($E14<>"",ISNA(MATCH($E14,ValidRounds,0))),AND($H14<>"",ISNA(MATCH($H14,ValidRegions,0))),AND($I14<>"",ISNA(MATCH($I14,ValidSites,0))),AND($J14<>"",ISNA(MATCH($J14,ValidEnumerators,0))),AND($K14<>"",ISNA(MATCH($K14,ValidYesNo,0))),AND($L14<>"",ISNA(MATCH($L14,ValidAgeGroups,0))),AND($M14<>"",ISNA(MATCH($M14,ValidGenders,0))),AND($O14<>"",ISNA(MATCH($O14,ValidYesNo,0))),AND($P14<>"",ISNA(MATCH($P14,ValidYesNo,0))),AND($R14<>"",ISNA(MATCH($R14,ValidTopics,0))),AND($V14<>"",ISNA(MATCH($V14,ValidYesNo,0))),AND($X14<>"",ISNA(MATCH($X14,ValidYesNo,0))),AND($Y14<>"",ISNA(MATCH($Y14,ValidChannels,0))))) | AE14: =IF(COUNTA($A14:$AA14)=0,"",AND($K14="yes",OR(AND($F14<>"",OR($F14<SurveyStart,$F14>SurveyEnd)),AND($G14<>"",$F14<>"",$G14>$F14),AND($P14="yes",$Q14<>"",$G14<>"",$Q14<$G14),AND($P14="yes",$Q14<>"",$F14<>"",$Q14>$F14)))) | AF14: =IF(COUNTA($A14:$AA14)=0,"",AND($K14="yes",OR(AND($N14<>"",OR($N14<HouseholdMin,$N14>HouseholdMax)),AND($S14<>"",OR($S14<ScoreMin,$S14>ScoreMax)),AND($T14<>"",OR($T14<ScoreMin,$T14>ScoreMax)),AND($U14<>"",OR($U14<ScoreMin,$U14>ScoreMax)),AND($W14<>"",OR($W14<ScoreMin,$W14>ScoreMax)),AND($AA14<>"",OR($AA14<CompletionMin,$AA14>CompletionMax))))) | AG14: =IF(COUNTA($A14:$AA14)=0,"",AND($K14="yes",$H14<>"",$I14<>"",IFERROR(INDEX(SiteRegionList,MATCH($I14,SiteList,0)),"")<>$H14)) | AH14: =IF(COUNTA($A14:$AA14)=0,"",AND($K14="yes",OR(AND($P14="no",OR($Q14<>"",$R14<>"",$S14<>"",$T14<>"",$U14<>"",$V14<>"")),AND($X14="no",$Y14<>"")))) | AI14: =IF(COUNTA($A14:$AA14)=0,"",COUNTIF($AB14:$AH14,TRUE)) | AJ14: =IF(COUNTA($A14:$AA14)=0,"",$AI14>0)
AB15: =IF(COUNTA($A15:$AA15)=0,"",AND($K15="yes",OR((COUNTBLANK($E15:$J15)+COUNTBLANK($L15:$P15)+COUNTBLANK($W15:$X15)+COUNTBLANK($AA15))>0,AND($P15="yes",(COUNTBLANK($Q15:$R15)+COUNTBLANK($S15:$V15))>0),AND($X15="yes",$Y15="")))) | AC15: =IF(COUNTA($A15:$AA15)=0,"",AND($B15<>"",COUNTIF($B$3:$B$33,$B15)>1)) | AD15: =IF(COUNTA($A15:$AA15)=0,"",OR($C15<>"yes",AND($E15<>"",ISNA(MATCH($E15,ValidRounds,0))),AND($H15<>"",ISNA(MATCH($H15,ValidRegions,0))),AND($I15<>"",ISNA(MATCH($I15,ValidSites,0))),AND($J15<>"",ISNA(MATCH($J15,ValidEnumerators,0))),AND($K15<>"",ISNA(MATCH($K15,ValidYesNo,0))),AND($L15<>"",ISNA(MATCH($L15,ValidAgeGroups,0))),AND($M15<>"",ISNA(MATCH($M15,ValidGenders,0))),AND($O15<>"",ISNA(MATCH($O15,ValidYesNo,0))),AND($P15<>"",ISNA(MATCH($P15,ValidYesNo,0))),AND($R15<>"",ISNA(MATCH($R15,ValidTopics,0))),AND($V15<>"",ISNA(MATCH($V15,ValidYesNo,0))),AND($X15<>"",ISNA(MATCH($X15,ValidYesNo,0))),AND($Y15<>"",ISNA(MATCH($Y15,ValidChannels,0))))) | AE15: =IF(COUNTA($A15:$AA15)=0,"",AND($K15="yes",OR(AND($F15<>"",OR($F15<SurveyStart,$F15>SurveyEnd)),AND($G15<>"",$F15<>"",$G15>$F15),AND($P15="yes",$Q15<>"",$G15<>"",$Q15<$G15),AND($P15="yes",$Q15<>"",$F15<>"",$Q15>$F15)))) | AF15: =IF(COUNTA($A15:$AA15)=0,"",AND($K15="yes",OR(AND($N15<>"",OR($N15<HouseholdMin,$N15>HouseholdMax)),AND($S15<>"",OR($S15<ScoreMin,$S15>ScoreMax)),AND($T15<>"",OR($T15<ScoreMin,$T15>ScoreMax)),AND($U15<>"",OR($U15<ScoreMin,$U15>ScoreMax)),AND($W15<>"",OR($W15<ScoreMin,$W15>ScoreMax)),AND($AA15<>"",OR($AA15<CompletionMin,$AA15>CompletionMax))))) | AG15: =IF(COUNTA($A15:$AA15)=0,"",AND($K15="yes",$H15<>"",$I15<>"",IFERROR(INDEX(SiteRegionList,MATCH($I15,SiteList,0)),"")<>$H15)) | AH15: =IF(COUNTA($A15:$AA15)=0,"",AND($K15="yes",OR(AND($P15="no",OR($Q15<>"",$R15<>"",$S15<>"",$T15<>"",$U15<>"",$V15<>"")),AND($X15="no",$Y15<>"")))) | AI15: =IF(COUNTA($A15:$AA15)=0,"",COUNTIF($AB15:$AH15,TRUE)) | AJ15: =IF(COUNTA($A15:$AA15)=0,"",$AI15>0)
AB16: =IF(COUNTA($A16:$AA16)=0,"",AND($K16="yes",OR((COUNTBLANK($E16:$J16)+COUNTBLANK($L16:$P16)+COUNTBLANK($W16:$X16)+COUNTBLANK($AA16))>0,AND($P16="yes",(COUNTBLANK($Q16:$R16)+COUNTBLANK($S16:$V16))>0),AND($X16="yes",$Y16="")))) | AC16: =IF(COUNTA($A16:$AA16)=0,"",AND($B16<>"",COUNTIF($B$3:$B$33,$B16)>1)) | AD16: =IF(COUNTA($A16:$AA16)=0,"",OR($C16<>"yes",AND($E16<>"",ISNA(MATCH($E16,ValidRounds,0))),AND($H16<>"",ISNA(MATCH($H16,ValidRegions,0))),AND($I16<>"",ISNA(MATCH($I16,ValidSites,0))),AND($J16<>"",ISNA(MATCH($J16,ValidEnumerators,0))),AND($K16<>"",ISNA(MATCH($K16,ValidYesNo,0))),AND($L16<>"",ISNA(MATCH($L16,ValidAgeGroups,0))),AND($M16<>"",ISNA(MATCH($M16,ValidGenders,0))),AND($O16<>"",ISNA(MATCH($O16,ValidYesNo,0))),AND($P16<>"",ISNA(MATCH($P16,ValidYesNo,0))),AND($R16<>"",ISNA(MATCH($R16,ValidTopics,0))),AND($V16<>"",ISNA(MATCH($V16,ValidYesNo,0))),AND($X16<>"",ISNA(MATCH($X16,ValidYesNo,0))),AND($Y16<>"",ISNA(MATCH($Y16,ValidChannels,0))))) | AE16: =IF(COUNTA($A16:$AA16)=0,"",AND($K16="yes",OR(AND($F16<>"",OR($F16<SurveyStart,$F16>SurveyEnd)),AND($G16<>"",$F16<>"",$G16>$F16),AND($P16="yes",$Q16<>"",$G16<>"",$Q16<$G16),AND($P16="yes",$Q16<>"",$F16<>"",$Q16>$F16)))) | AF16: =IF(COUNTA($A16:$AA16)=0,"",AND($K16="yes",OR(AND($N16<>"",OR($N16<HouseholdMin,$N16>HouseholdMax)),AND($S16<>"",OR($S16<ScoreMin,$S16>ScoreMax)),AND($T16<>"",OR($T16<ScoreMin,$T16>ScoreMax)),AND($U16<>"",OR($U16<ScoreMin,$U16>ScoreMax)),AND($W16<>"",OR($W16<ScoreMin,$W16>ScoreMax)),AND($AA16<>"",OR($AA16<CompletionMin,$AA16>CompletionMax))))) | AG16: =IF(COUNTA($A16:$AA16)=0,"",AND($K16="yes",$H16<>"",$I16<>"",IFERROR(INDEX(SiteRegionList,MATCH($I16,SiteList,0)),"")<>$H16)) | AH16: =IF(COUNTA($A16:$AA16)=0,"",AND($K16="yes",OR(AND($P16="no",OR($Q16<>"",$R16<>"",$S16<>"",$T16<>"",$U16<>"",$V16<>"")),AND($X16="no",$Y16<>"")))) | AI16: =IF(COUNTA($A16:$AA16)=0,"",COUNTIF($AB16:$AH16,TRUE)) | AJ16: =IF(COUNTA($A16:$AA16)=0,"",$AI16>0)
AB17: =IF(COUNTA($A17:$AA17)=0,"",AND($K17="yes",OR((COUNTBLANK($E17:$J17)+COUNTBLANK($L17:$P17)+COUNTBLANK($W17:$X17)+COUNTBLANK($AA17))>0,AND($P17="yes",(COUNTBLANK($Q17:$R17)+COUNTBLANK($S17:$V17))>0),AND($X17="yes",$Y17="")))) | AC17: =IF(COUNTA($A17:$AA17)=0,"",AND($B17<>"",COUNTIF($B$3:$B$33,$B17)>1)) | AD17: =IF(COUNTA($A17:$AA17)=0,"",OR($C17<>"yes",AND($E17<>"",ISNA(MATCH($E17,ValidRounds,0))),AND($H17<>"",ISNA(MATCH($H17,ValidRegions,0))),AND($I17<>"",ISNA(MATCH($I17,ValidSites,0))),AND($J17<>"",ISNA(MATCH($J17,ValidEnumerators,0))),AND($K17<>"",ISNA(MATCH($K17,ValidYesNo,0))),AND($L17<>"",ISNA(MATCH($L17,ValidAgeGroups,0))),AND($M17<>"",ISNA(MATCH($M17,ValidGenders,0))),AND($O17<>"",ISNA(MATCH($O17,ValidYesNo,0))),AND($P17<>"",ISNA(MATCH($P17,ValidYesNo,0))),AND($R17<>"",ISNA(MATCH($R17,ValidTopics,0))),AND($V17<>"",ISNA(MATCH($V17,ValidYesNo,0))),AND($X17<>"",ISNA(MATCH($X17,ValidYesNo,0))),AND($Y17<>"",ISNA(MATCH($Y17,ValidChannels,0))))) | AE17: =IF(COUNTA($A17:$AA17)=0,"",AND($K17="yes",OR(AND($F17<>"",OR($F17<SurveyStart,$F17>SurveyEnd)),AND($G17<>"",$F17<>"",$G17>$F17),AND($P17="yes",$Q17<>"",$G17<>"",$Q17<$G17),AND($P17="yes",$Q17<>"",$F17<>"",$Q17>$F17)))) | AF17: =IF(COUNTA($A17:$AA17)=0,"",AND($K17="yes",OR(AND($N17<>"",OR($N17<HouseholdMin,$N17>HouseholdMax)),AND($S17<>"",OR($S17<ScoreMin,$S17>ScoreMax)),AND($T17<>"",OR($T17<ScoreMin,$T17>ScoreMax)),AND($U17<>"",OR($U17<ScoreMin,$U17>ScoreMax)),AND($W17<>"",OR($W17<ScoreMin,$W17>ScoreMax)),AND($AA17<>"",OR($AA17<CompletionMin,$AA17>CompletionMax))))) | AG17: =IF(COUNTA($A17:$AA17)=0,"",AND($K17="yes",$H17<>"",$I17<>"",IFERROR(INDEX(SiteRegionList,MATCH($I17,SiteList,0)),"")<>$H17)) | AH17: =IF(COUNTA($A17:$AA17)=0,"",AND($K17="yes",OR(AND($P17="no",OR($Q17<>"",$R17<>"",$S17<>"",$T17<>"",$U17<>"",$V17<>"")),AND($X17="no",$Y17<>"")))) | AI17: =IF(COUNTA($A17:$AA17)=0,"",COUNTIF($AB17:$AH17,TRUE)) | AJ17: =IF(COUNTA($A17:$AA17)=0,"",$AI17>0)
AB18: =IF(COUNTA($A18:$AA18)=0,"",AND($K18="yes",OR((COUNTBLANK($E18:$J18)+COUNTBLANK($L18:$P18)+COUNTBLANK($W18:$X18)+COUNTBLANK($AA18))>0,AND($P18="yes",(COUNTBLANK($Q18:$R18)+COUNTBLANK($S18:$V18))>0),AND($X18="yes",$Y18="")))) | AC18: =IF(COUNTA($A18:$AA18)=0,"",AND($B18<>"",COUNTIF($B$3:$B$33,$B18)>1)) | AD18: =IF(COUNTA($A18:$AA18)=0,"",OR($C18<>"yes",AND($E18<>"",ISNA(MATCH($E18,ValidRounds,0))),AND($H18<>"",ISNA(MATCH($H18,ValidRegions,0))),AND($I18<>"",ISNA(MATCH($I18,ValidSites,0))),AND($J18<>"",ISNA(MATCH($J18,ValidEnumerators,0))),AND($K18<>"",ISNA(MATCH($K18,ValidYesNo,0))),AND($L18<>"",ISNA(MATCH($L18,ValidAgeGroups,0))),AND($M18<>"",ISNA(MATCH($M18,ValidGenders,0))),AND($O18<>"",ISNA(MATCH($O18,ValidYesNo,0))),AND($P18<>"",ISNA(MATCH($P18,ValidYesNo,0))),AND($R18<>"",ISNA(MATCH($R18,ValidTopics,0))),AND($V18<>"",ISNA(MATCH($V18,ValidYesNo,0))),AND($X18<>"",ISNA(MATCH($X18,ValidYesNo,0))),AND($Y18<>"",ISNA(MATCH($Y18,ValidChannels,0))))) | AE18: =IF(COUNTA($A18:$AA18)=0,"",AND($K18="yes",OR(AND($F18<>"",OR($F18<SurveyStart,$F18>SurveyEnd)),AND($G18<>"",$F18<>"",$G18>$F18),AND($P18="yes",$Q18<>"",$G18<>"",$Q18<$G18),AND($P18="yes",$Q18<>"",$F18<>"",$Q18>$F18)))) | AF18: =IF(COUNTA($A18:$AA18)=0,"",AND($K18="yes",OR(AND($N18<>"",OR($N18<HouseholdMin,$N18>HouseholdMax)),AND($S18<>"",OR($S18<ScoreMin,$S18>ScoreMax)),AND($T18<>"",OR($T18<ScoreMin,$T18>ScoreMax)),AND($U18<>"",OR($U18<ScoreMin,$U18>ScoreMax)),AND($W18<>"",OR($W18<ScoreMin,$W18>ScoreMax)),AND($AA18<>"",OR($AA18<CompletionMin,$AA18>CompletionMax))))) | AG18: =IF(COUNTA($A18:$AA18)=0,"",AND($K18="yes",$H18<>"",$I18<>"",IFERROR(INDEX(SiteRegionList,MATCH($I18,SiteList,0)),"")<>$H18)) | AH18: =IF(COUNTA($A18:$AA18)=0,"",AND($K18="yes",OR(AND($P18="no",OR($Q18<>"",$R18<>"",$S18<>"",$T18<>"",$U18<>"",$V18<>"")),AND($X18="no",$Y18<>"")))) | AI18: =IF(COUNTA($A18:$AA18)=0,"",COUNTIF($AB18:$AH18,TRUE)) | AJ18: =IF(COUNTA($A18:$AA18)=0,"",$AI18>0)
AB19: =IF(COUNTA($A19:$AA19)=0,"",AND($K19="yes",OR((COUNTBLANK($E19:$J19)+COUNTBLANK($L19:$P19)+COUNTBLANK($W19:$X19)+COUNTBLANK($AA19))>0,AND($P19="yes",(COUNTBLANK($Q19:$R19)+COUNTBLANK($S19:$V19))>0),AND($X19="yes",$Y19="")))) | AC19: =IF(COUNTA($A19:$AA19)=0,"",AND($B19<>"",COUNTIF($B$3:$B$33,$B19)>1)) | AD19: =IF(COUNTA($A19:$AA19)=0,"",OR($C19<>"yes",AND($E19<>"",ISNA(MATCH($E19,ValidRounds,0))),AND($H19<>"",ISNA(MATCH($H19,ValidRegions,0))),AND($I19<>"",ISNA(MATCH($I19,ValidSites,0))),AND($J19<>"",ISNA(MATCH($J19,ValidEnumerators,0))),AND($K19<>"",ISNA(MATCH($K19,ValidYesNo,0))),AND($L19<>"",ISNA(MATCH($L19,ValidAgeGroups,0))),AND($M19<>"",ISNA(MATCH($M19,ValidGenders,0))),AND($O19<>"",ISNA(MATCH($O19,ValidYesNo,0))),AND($P19<>"",ISNA(MATCH($P19,ValidYesNo,0))),AND($R19<>"",ISNA(MATCH($R19,ValidTopics,0))),AND($V19<>"",ISNA(MATCH($V19,ValidYesNo,0))),AND($X19<>"",ISNA(MATCH($X19,ValidYesNo,0))),AND($Y19<>"",ISNA(MATCH($Y19,ValidChannels,0))))) | AE19: =IF(COUNTA($A19:$AA19)=0,"",AND($K19="yes",OR(AND($F19<>"",OR($F19<SurveyStart,$F19>SurveyEnd)),AND($G19<>"",$F19<>"",$G19>$F19),AND($P19="yes",$Q19<>"",$G19<>"",$Q19<$G19),AND($P19="yes",$Q19<>"",$F19<>"",$Q19>$F19)))) | AF19: =IF(COUNTA($A19:$AA19)=0,"",AND($K19="yes",OR(AND($N19<>"",OR($N19<HouseholdMin,$N19>HouseholdMax)),AND($S19<>"",OR($S19<ScoreMin,$S19>ScoreMax)),AND($T19<>"",OR($T19<ScoreMin,$T19>ScoreMax)),AND($U19<>"",OR($U19<ScoreMin,$U19>ScoreMax)),AND($W19<>"",OR($W19<ScoreMin,$W19>ScoreMax)),AND($AA19<>"",OR($AA19<CompletionMin,$AA19>CompletionMax))))) | AG19: =IF(COUNTA($A19:$AA19)=0,"",AND($K19="yes",$H19<>"",$I19<>"",IFERROR(INDEX(SiteRegionList,MATCH($I19,SiteList,0)),"")<>$H19)) | AH19: =IF(COUNTA($A19:$AA19)=0,"",AND($K19="yes",OR(AND($P19="no",OR($Q19<>"",$R19<>"",$S19<>"",$T19<>"",$U19<>"",$V19<>"")),AND($X19="no",$Y19<>"")))) | AI19: =IF(COUNTA($A19:$AA19)=0,"",COUNTIF($AB19:$AH19,TRUE)) | AJ19: =IF(COUNTA($A19:$AA19)=0,"",$AI19>0)
AB20: =IF(COUNTA($A20:$AA20)=0,"",AND($K20="yes",OR((COUNTBLANK($E20:$J20)+COUNTBLANK($L20:$P20)+COUNTBLANK($W20:$X20)+COUNTBLANK($AA20))>0,AND($P20="yes",(COUNTBLANK($Q20:$R20)+COUNTBLANK($S20:$V20))>0),AND($X20="yes",$Y20="")))) | AC20: =IF(COUNTA($A20:$AA20)=0,"",AND($B20<>"",COUNTIF($B$3:$B$33,$B20)>1)) | AD20: =IF(COUNTA($A20:$AA20)=0,"",OR($C20<>"yes",AND($E20<>"",ISNA(MATCH($E20,ValidRounds,0))),AND($H20<>"",ISNA(MATCH($H20,ValidRegions,0))),AND($I20<>"",ISNA(MATCH($I20,ValidSites,0))),AND($J20<>"",ISNA(MATCH($J20,ValidEnumerators,0))),AND($K20<>"",ISNA(MATCH($K20,ValidYesNo,0))),AND($L20<>"",ISNA(MATCH($L20,ValidAgeGroups,0))),AND($M20<>"",ISNA(MATCH($M20,ValidGenders,0))),AND($O20<>"",ISNA(MATCH($O20,ValidYesNo,0))),AND($P20<>"",ISNA(MATCH($P20,ValidYesNo,0))),AND($R20<>"",ISNA(MATCH($R20,ValidTopics,0))),AND($V20<>"",ISNA(MATCH($V20,ValidYesNo,0))),AND($X20<>"",ISNA(MATCH($X20,ValidYesNo,0))),AND($Y20<>"",ISNA(MATCH($Y20,ValidChannels,0))))) | AE20: =IF(COUNTA($A20:$AA20)=0,"",AND($K20="yes",OR(AND($F20<>"",OR($F20<SurveyStart,$F20>SurveyEnd)),AND($G20<>"",$F20<>"",$G20>$F20),AND($P20="yes",$Q20<>"",$G20<>"",$Q20<$G20),AND($P20="yes",$Q20<>"",$F20<>"",$Q20>$F20)))) | AF20: =IF(COUNTA($A20:$AA20)=0,"",AND($K20="yes",OR(AND($N20<>"",OR($N20<HouseholdMin,$N20>HouseholdMax)),AND($S20<>"",OR($S20<ScoreMin,$S20>ScoreMax)),AND($T20<>"",OR($T20<ScoreMin,$T20>ScoreMax)),AND($U20<>"",OR($U20<ScoreMin,$U20>ScoreMax)),AND($W20<>"",OR($W20<ScoreMin,$W20>ScoreMax)),AND($AA20<>"",OR($AA20<CompletionMin,$AA20>CompletionMax))))) | AG20: =IF(COUNTA($A20:$AA20)=0,"",AND($K20="yes",$H20<>"",$I20<>"",IFERROR(INDEX(SiteRegionList,MATCH($I20,SiteList,0)),"")<>$H20)) | AH20: =IF(COUNTA($A20:$AA20)=0,"",AND($K20="yes",OR(AND($P20="no",OR($Q20<>"",$R20<>"",$S20<>"",$T20<>"",$U20<>"",$V20<>"")),AND($X20="no",$Y20<>"")))) | AI20: =IF(COUNTA($A20:$AA20)=0,"",COUNTIF($AB20:$AH20,TRUE)) | AJ20: =IF(COUNTA($A20:$AA20)=0,"",$AI20>0)
AB21: =IF(COUNTA($A21:$AA21)=0,"",AND($K21="yes",OR((COUNTBLANK($E21:$J21)+COUNTBLANK($L21:$P21)+COUNTBLANK($W21:$X21)+COUNTBLANK($AA21))>0,AND($P21="yes",(COUNTBLANK($Q21:$R21)+COUNTBLANK($S21:$V21))>0),AND($X21="yes",$Y21="")))) | AC21: =IF(COUNTA($A21:$AA21)=0,"",AND($B21<>"",COUNTIF($B$3:$B$33,$B21)>1)) | AD21: =IF(COUNTA($A21:$AA21)=0,"",OR($C21<>"yes",AND($E21<>"",ISNA(MATCH($E21,ValidRounds,0))),AND($H21<>"",ISNA(MATCH($H21,ValidRegions,0))),AND($I21<>"",ISNA(MATCH($I21,ValidSites,0))),AND($J21<>"",ISNA(MATCH($J21,ValidEnumerators,0))),AND($K21<>"",ISNA(MATCH($K21,ValidYesNo,0))),AND($L21<>"",ISNA(MATCH($L21,ValidAgeGroups,0))),AND($M21<>"",ISNA(MATCH($M21,ValidGenders,0))),AND($O21<>"",ISNA(MATCH($O21,ValidYesNo,0))),AND($P21<>"",ISNA(MATCH($P21,ValidYesNo,0))),AND($R21<>"",ISNA(MATCH($R21,ValidTopics,0))),AND($V21<>"",ISNA(MATCH($V21,ValidYesNo,0))),AND($X21<>"",ISNA(MATCH($X21,ValidYesNo,0))),AND($Y21<>"",ISNA(MATCH($Y21,ValidChannels,0))))) | AE21: =IF(COUNTA($A21:$AA21)=0,"",AND($K21="yes",OR(AND($F21<>"",OR($F21<SurveyStart,$F21>SurveyEnd)),AND($G21<>"",$F21<>"",$G21>$F21),AND($P21="yes",$Q21<>"",$G21<>"",$Q21<$G21),AND($P21="yes",$Q21<>"",$F21<>"",$Q21>$F21)))) | AF21: =IF(COUNTA($A21:$AA21)=0,"",AND($K21="yes",OR(AND($N21<>"",OR($N21<HouseholdMin,$N21>HouseholdMax)),AND($S21<>"",OR($S21<ScoreMin,$S21>ScoreMax)),AND($T21<>"",OR($T21<ScoreMin,$T21>ScoreMax)),AND($U21<>"",OR($U21<ScoreMin,$U21>ScoreMax)),AND($W21<>"",OR($W21<ScoreMin,$W21>ScoreMax)),AND($AA21<>"",OR($AA21<CompletionMin,$AA21>CompletionMax))))) | AG21: =IF(COUNTA($A21:$AA21)=0,"",AND($K21="yes",$H21<>"",$I21<>"",IFERROR(INDEX(SiteRegionList,MATCH($I21,SiteList,0)),"")<>$H21)) | AH21: =IF(COUNTA($A21:$AA21)=0,"",AND($K21="yes",OR(AND($P21="no",OR($Q21<>"",$R21<>"",$S21<>"",$T21<>"",$U21<>"",$V21<>"")),AND($X21="no",$Y21<>"")))) | AI21: =IF(COUNTA($A21:$AA21)=0,"",COUNTIF($AB21:$AH21,TRUE)) | AJ21: =IF(COUNTA($A21:$AA21)=0,"",$AI21>0)
AB22: =IF(COUNTA($A22:$AA22)=0,"",AND($K22="yes",OR((COUNTBLANK($E22:$J22)+COUNTBLANK($L22:$P22)+COUNTBLANK($W22:$X22)+COUNTBLANK($AA22))>0,AND($P22="yes",(COUNTBLANK($Q22:$R22)+COUNTBLANK($S22:$V22))>0),AND($X22="yes",$Y22="")))) | AC22: =IF(COUNTA($A22:$AA22)=0,"",AND($B22<>"",COUNTIF($B$3:$B$33,$B22)>1)) | AD22: =IF(COUNTA($A22:$AA22)=0,"",OR($C22<>"yes",AND($E22<>"",ISNA(MATCH($E22,ValidRounds,0))),AND($H22<>"",ISNA(MATCH($H22,ValidRegions,0))),AND($I22<>"",ISNA(MATCH($I22,ValidSites,0))),AND($J22<>"",ISNA(MATCH($J22,ValidEnumerators,0))),AND($K22<>"",ISNA(MATCH($K22,ValidYesNo,0))),AND($L22<>"",ISNA(MATCH($L22,ValidAgeGroups,0))),AND($M22<>"",ISNA(MATCH($M22,ValidGenders,0))),AND($O22<>"",ISNA(MATCH($O22,ValidYesNo,0))),AND($P22<>"",ISNA(MATCH($P22,ValidYesNo,0))),AND($R22<>"",ISNA(MATCH($R22,ValidTopics,0))),AND($V22<>"",ISNA(MATCH($V22,ValidYesNo,0))),AND($X22<>"",ISNA(MATCH($X22,ValidYesNo,0))),AND($Y22<>"",ISNA(MATCH($Y22,ValidChannels,0))))) | AE22: =IF(COUNTA($A22:$AA22)=0,"",AND($K22="yes",OR(AND($F22<>"",OR($F22<SurveyStart,$F22>SurveyEnd)),AND($G22<>"",$F22<>"",$G22>$F22),AND($P22="yes",$Q22<>"",$G22<>"",$Q22<$G22),AND($P22="yes",$Q22<>"",$F22<>"",$Q22>$F22)))) | AF22: =IF(COUNTA($A22:$AA22)=0,"",AND($K22="yes",OR(AND($N22<>"",OR($N22<HouseholdMin,$N22>HouseholdMax)),AND($S22<>"",OR($S22<ScoreMin,$S22>ScoreMax)),AND($T22<>"",OR($T22<ScoreMin,$T22>ScoreMax)),AND($U22<>"",OR($U22<ScoreMin,$U22>ScoreMax)),AND($W22<>"",OR($W22<ScoreMin,$W22>ScoreMax)),AND($AA22<>"",OR($AA22<CompletionMin,$AA22>CompletionMax))))) | AG22: =IF(COUNTA($A22:$AA22)=0,"",AND($K22="yes",$H22<>"",$I22<>"",IFERROR(INDEX(SiteRegionList,MATCH($I22,SiteList,0)),"")<>$H22)) | AH22: =IF(COUNTA($A22:$AA22)=0,"",AND($K22="yes",OR(AND($P22="no",OR($Q22<>"",$R22<>"",$S22<>"",$T22<>"",$U22<>"",$V22<>"")),AND($X22="no",$Y22<>"")))) | AI22: =IF(COUNTA($A22:$AA22)=0,"",COUNTIF($AB22:$AH22,TRUE)) | AJ22: =IF(COUNTA($A22:$AA22)=0,"",$AI22>0)
AB23: =IF(COUNTA($A23:$AA23)=0,"",AND($K23="yes",OR((COUNTBLANK($E23:$J23)+COUNTBLANK($L23:$P23)+COUNTBLANK($W23:$X23)+COUNTBLANK($AA23))>0,AND($P23="yes",(COUNTBLANK($Q23:$R23)+COUNTBLANK($S23:$V23))>0),AND($X23="yes",$Y23="")))) | AC23: =IF(COUNTA($A23:$AA23)=0,"",AND($B23<>"",COUNTIF($B$3:$B$33,$B23)>1)) | AD23: =IF(COUNTA($A23:$AA23)=0,"",OR($C23<>"yes",AND($E23<>"",ISNA(MATCH($E23,ValidRounds,0))),AND($H23<>"",ISNA(MATCH($H23,ValidRegions,0))),AND($I23<>"",ISNA(MATCH($I23,ValidSites,0))),AND($J23<>"",ISNA(MATCH($J23,ValidEnumerators,0))),AND($K23<>"",ISNA(MATCH($K23,ValidYesNo,0))),AND($L23<>"",ISNA(MATCH($L23,ValidAgeGroups,0))),AND($M23<>"",ISNA(MATCH($M23,ValidGenders,0))),AND($O23<>"",ISNA(MATCH($O23,ValidYesNo,0))),AND($P23<>"",ISNA(MATCH($P23,ValidYesNo,0))),AND($R23<>"",ISNA(MATCH($R23,ValidTopics,0))),AND($V23<>"",ISNA(MATCH($V23,ValidYesNo,0))),AND($X23<>"",ISNA(MATCH($X23,ValidYesNo,0))),AND($Y23<>"",ISNA(MATCH($Y23,ValidChannels,0))))) | AE23: =IF(COUNTA($A23:$AA23)=0,"",AND($K23="yes",OR(AND($F23<>"",OR($F23<SurveyStart,$F23>SurveyEnd)),AND($G23<>"",$F23<>"",$G23>$F23),AND($P23="yes",$Q23<>"",$G23<>"",$Q23<$G23),AND($P23="yes",$Q23<>"",$F23<>"",$Q23>$F23)))) | AF23: =IF(COUNTA($A23:$AA23)=0,"",AND($K23="yes",OR(AND($N23<>"",OR($N23<HouseholdMin,$N23>HouseholdMax)),AND($S23<>"",OR($S23<ScoreMin,$S23>ScoreMax)),AND($T23<>"",OR($T23<ScoreMin,$T23>ScoreMax)),AND($U23<>"",OR($U23<ScoreMin,$U23>ScoreMax)),AND($W23<>"",OR($W23<ScoreMin,$W23>ScoreMax)),AND($AA23<>"",OR($AA23<CompletionMin,$AA23>CompletionMax))))) | AG23: =IF(COUNTA($A23:$AA23)=0,"",AND($K23="yes",$H23<>"",$I23<>"",IFERROR(INDEX(SiteRegionList,MATCH($I23,SiteList,0)),"")<>$H23)) | AH23: =IF(COUNTA($A23:$AA23)=0,"",AND($K23="yes",OR(AND($P23="no",OR($Q23<>"",$R23<>"",$S23<>"",$T23<>"",$U23<>"",$V23<>"")),AND($X23="no",$Y23<>"")))) | AI23: =IF(COUNTA($A23:$AA23)=0,"",COUNTIF($AB23:$AH23,TRUE)) | AJ23: =IF(COUNTA($A23:$AA23)=0,"",$AI23>0)
AB24: =IF(COUNTA($A24:$AA24)=0,"",AND($K24="yes",OR((COUNTBLANK($E24:$J24)+COUNTBLANK($L24:$P24)+COUNTBLANK($W24:$X24)+COUNTBLANK($AA24))>0,AND($P24="yes",(COUNTBLANK($Q24:$R24)+COUNTBLANK($S24:$V24))>0),AND($X24="yes",$Y24="")))) | AC24: =IF(COUNTA($A24:$AA24)=0,"",AND($B24<>"",COUNTIF($B$3:$B$33,$B24)>1)) | AD24: =IF(COUNTA($A24:$AA24)=0,"",OR($C24<>"yes",AND($E24<>"",ISNA(MATCH($E24,ValidRounds,0))),AND($H24<>"",ISNA(MATCH($H24,ValidRegions,0))),AND($I24<>"",ISNA(MATCH($I24,ValidSites,0))),AND($J24<>"",ISNA(MATCH($J24,ValidEnumerators,0))),AND($K24<>"",ISNA(MATCH($K24,ValidYesNo,0))),AND($L24<>"",ISNA(MATCH($L24,ValidAgeGroups,0))),AND($M24<>"",ISNA(MATCH($M24,ValidGenders,0))),AND($O24<>"",ISNA(MATCH($O24,ValidYesNo,0))),AND($P24<>"",ISNA(MATCH($P24,ValidYesNo,0))),AND($R24<>"",ISNA(MATCH($R24,ValidTopics,0))),AND($V24<>"",ISNA(MATCH($V24,ValidYesNo,0))),AND($X24<>"",ISNA(MATCH($X24,ValidYesNo,0))),AND($Y24<>"",ISNA(MATCH($Y24,ValidChannels,0))))) | AE24: =IF(COUNTA($A24:$AA24)=0,"",AND($K24="yes",OR(AND($F24<>"",OR($F24<SurveyStart,$F24>SurveyEnd)),AND($G24<>"",$F24<>"",$G24>$F24),AND($P24="yes",$Q24<>"",$G24<>"",$Q24<$G24),AND($P24="yes",$Q24<>"",$F24<>"",$Q24>$F24)))) | AF24: =IF(COUNTA($A24:$AA24)=0,"",AND($K24="yes",OR(AND($N24<>"",OR($N24<HouseholdMin,$N24>HouseholdMax)),AND($S24<>"",OR($S24<ScoreMin,$S24>ScoreMax)),AND($T24<>"",OR($T24<ScoreMin,$T24>ScoreMax)),AND($U24<>"",OR($U24<ScoreMin,$U24>ScoreMax)),AND($W24<>"",OR($W24<ScoreMin,$W24>ScoreMax)),AND($AA24<>"",OR($AA24<CompletionMin,$AA24>CompletionMax))))) | AG24: =IF(COUNTA($A24:$AA24)=0,"",AND($K24="yes",$H24<>"",$I24<>"",IFERROR(INDEX(SiteRegionList,MATCH($I24,SiteList,0)),"")<>$H24)) | AH24: =IF(COUNTA($A24:$AA24)=0,"",AND($K24="yes",OR(AND($P24="no",OR($Q24<>"",$R24<>"",$S24<>"",$T24<>"",$U24<>"",$V24<>"")),AND($X24="no",$Y24<>"")))) | AI24: =IF(COUNTA($A24:$AA24)=0,"",COUNTIF($AB24:$AH24,TRUE)) | AJ24: =IF(COUNTA($A24:$AA24)=0,"",$AI24>0)
AB25: =IF(COUNTA($A25:$AA25)=0,"",AND($K25="yes",OR((COUNTBLANK($E25:$J25)+COUNTBLANK($L25:$P25)+COUNTBLANK($W25:$X25)+COUNTBLANK($AA25))>0,AND($P25="yes",(COUNTBLANK($Q25:$R25)+COUNTBLANK($S25:$V25))>0),AND($X25="yes",$Y25="")))) | AC25: =IF(COUNTA($A25:$AA25)=0,"",AND($B25<>"",COUNTIF($B$3:$B$33,$B25)>1)) | AD25: =IF(COUNTA($A25:$AA25)=0,"",OR($C25<>"yes",AND($E25<>"",ISNA(MATCH($E25,ValidRounds,0))),AND($H25<>"",ISNA(MATCH($H25,ValidRegions,0))),AND($I25<>"",ISNA(MATCH($I25,ValidSites,0))),AND($J25<>"",ISNA(MATCH($J25,ValidEnumerators,0))),AND($K25<>"",ISNA(MATCH($K25,ValidYesNo,0))),AND($L25<>"",ISNA(MATCH($L25,ValidAgeGroups,0))),AND($M25<>"",ISNA(MATCH($M25,ValidGenders,0))),AND($O25<>"",ISNA(MATCH($O25,ValidYesNo,0))),AND($P25<>"",ISNA(MATCH($P25,ValidYesNo,0))),AND($R25<>"",ISNA(MATCH($R25,ValidTopics,0))),AND($V25<>"",ISNA(MATCH($V25,ValidYesNo,0))),AND($X25<>"",ISNA(MATCH($X25,ValidYesNo,0))),AND($Y25<>"",ISNA(MATCH($Y25,ValidChannels,0))))) | AE25: =IF(COUNTA($A25:$AA25)=0,"",AND($K25="yes",OR(AND($F25<>"",OR($F25<SurveyStart,$F25>SurveyEnd)),AND($G25<>"",$F25<>"",$G25>$F25),AND($P25="yes",$Q25<>"",$G25<>"",$Q25<$G25),AND($P25="yes",$Q25<>"",$F25<>"",$Q25>$F25)))) | AF25: =IF(COUNTA($A25:$AA25)=0,"",AND($K25="yes",OR(AND($N25<>"",OR($N25<HouseholdMin,$N25>HouseholdMax)),AND($S25<>"",OR($S25<ScoreMin,$S25>ScoreMax)),AND($T25<>"",OR($T25<ScoreMin,$T25>ScoreMax)),AND($U25<>"",OR($U25<ScoreMin,$U25>ScoreMax)),AND($W25<>"",OR($W25<ScoreMin,$W25>ScoreMax)),AND($AA25<>"",OR($AA25<CompletionMin,$AA25>CompletionMax))))) | AG25: =IF(COUNTA($A25:$AA25)=0,"",AND($K25="yes",$H25<>"",$I25<>"",IFERROR(INDEX(SiteRegionList,MATCH($I25,SiteList,0)),"")<>$H25)) | AH25: =IF(COUNTA($A25:$AA25)=0,"",AND($K25="yes",OR(AND($P25="no",OR($Q25<>"",$R25<>"",$S25<>"",$T25<>"",$U25<>"",$V25<>"")),AND($X25="no",$Y25<>"")))) | AI25: =IF(COUNTA($A25:$AA25)=0,"",COUNTIF($AB25:$AH25,TRUE)) | AJ25: =IF(COUNTA($A25:$AA25)=0,"",$AI25>0)
... AB33: =IF(COUNTA($A33:$AA33)=0,"",AND($K33="yes",OR((COUNTBLANK($E33:$J33)+COUNTBLANK($L33:$P33)+COUNTBLANK($W33:$X33)+COUNTBLANK($AA33))>0,AND($P33="yes",(COUNTBLANK($Q33:$R33)+COUNTBLANK($S33:$V33))>0),AND($X33="yes",$Y33="")))) | AC33: =IF(COUNTA($A33:$AA33)=0,"",AND($B33<>"",COUNTIF($B$3:$B$33,$B33)>1)) | AD33: =IF(COUNTA($A33:$AA33)=0,"",OR($C33<>"yes",AND($E33<>"",ISNA(MATCH($E33,ValidRounds,0))),AND($H33<>"",ISNA(MATCH($H33,ValidRegions,0))),AND($I33<>"",ISNA(MATCH($I33,ValidSites,0))),AND($J33<>"",ISNA(MATCH($J33,ValidEnumerators,0))),AND($K33<>"",ISNA(MATCH($K33,ValidYesNo,0))),AND($L33<>"",ISNA(MATCH($L33,ValidAgeGroups,0))),AND($M33<>"",ISNA(MATCH($M33,ValidGenders,0))),AND($O33<>"",ISNA(MATCH($O33,ValidYesNo,0))),AND($P33<>"",ISNA(MATCH($P33,ValidYesNo,0))),AND($R33<>"",ISNA(MATCH($R33,ValidTopics,0))),AND($V33<>"",ISNA(MATCH($V33,ValidYesNo,0))),AND($X33<>"",ISNA(MATCH($X33,ValidYesNo,0))),AND($Y33<>"",ISNA(MATCH($Y33,ValidChannels,0))))) | AE33: =IF(COUNTA($A33:$AA33)=0,"",AND($K33="yes",OR(AND($F33<>"",OR($F33<SurveyStart,$F33>SurveyEnd)),AND($G33<>"",$F33<>"",$G33>$F33),AND($P33="yes",$Q33<>"",$G33<>"",$Q33<$G33),AND($P33="yes",$Q33<>"",$F33<>"",$Q33>$F33)))) | AF33: =IF(COUNTA($A33:$AA33)=0,"",AND($K33="yes",OR(AND($N33<>"",OR($N33<HouseholdMin,$N33>HouseholdMax)),AND($S33<>"",OR($S33<ScoreMin,$S33>ScoreMax)),AND($T33<>"",OR($T33<ScoreMin,$T33>ScoreMax)),AND($U33<>"",OR($U33<ScoreMin,$U33>ScoreMax)),AND($W33<>"",OR($W33<ScoreMin,$W33>ScoreMax)),AND($AA33<>"",OR($AA33<CompletionMin,$AA33>CompletionMax))))) | AG33: =IF(COUNTA($A33:$AA33)=0,"",AND($K33="yes",$H33<>"",$I33<>"",IFERROR(INDEX(SiteRegionList,MATCH($I33,SiteList,0)),"")<>$H33)) | AH33: =IF(COUNTA($A33:$AA33)=0,"",AND($K33="yes",OR(AND($P33="no",OR($Q33<>"",$R33<>"",$S33<>"",$T33<>"",$U33<>"",$V33<>"")),AND($X33="no",$Y33<>"")))) | AI33: =IF(COUNTA($A33:$AA33)=0,"",COUNTIF($AB33:$AH33,TRUE)) | AJ33: =IF(COUNTA($A33:$AA33)=0,"",$AI33>0)

Sheet MonitoringSummary
A1: SYNTHETIC DATA - NOT REAL PEOPLE OR PROGRAMME OPERATIONS | reflects the Entry_Demo sample only; full 420-row monitoring uses the Power Query pivots (see excel/README.md)
A2: Region | B2: Round 1 | C2: Round 2 | D2: Total responses | E2: Participated | F2: Mean satisfaction
A3: NORTH | B3: =COUNTIFS(Entry_Demo!$H$3:$H$33,$A3,Entry_Demo!$E$3:$E$33,"ROUND_1") | C3: =COUNTIFS(Entry_Demo!$H$3:$H$33,$A3,Entry_Demo!$E$3:$E$33,"ROUND_2") | D3: =B3+C3 | E3: =COUNTIFS(Entry_Demo!$H$3:$H$33,$A3,Entry_Demo!$P$3:$P$33,"yes") | F3: =IFERROR(AVERAGEIFS(Entry_Demo!$S$3:$S$33,Entry_Demo!$H$3:$H$33,$A3,Entry_Demo!$S$3:$S$33,">0"),"n/a")
A4: SOUTH | B4: =COUNTIFS(Entry_Demo!$H$3:$H$33,$A4,Entry_Demo!$E$3:$E$33,"ROUND_1") | C4: =COUNTIFS(Entry_Demo!$H$3:$H$33,$A4,Entry_Demo!$E$3:$E$33,"ROUND_2") | D4: =B4+C4 | E4: =COUNTIFS(Entry_Demo!$H$3:$H$33,$A4,Entry_Demo!$P$3:$P$33,"yes") | F4: =IFERROR(AVERAGEIFS(Entry_Demo!$S$3:$S$33,Entry_Demo!$H$3:$H$33,$A4,Entry_Demo!$S$3:$S$33,">0"),"n/a")
A5: EAST | B5: =COUNTIFS(Entry_Demo!$H$3:$H$33,$A5,Entry_Demo!$E$3:$E$33,"ROUND_1") | C5: =COUNTIFS(Entry_Demo!$H$3:$H$33,$A5,Entry_Demo!$E$3:$E$33,"ROUND_2") | D5: =B5+C5 | E5: =COUNTIFS(Entry_Demo!$H$3:$H$33,$A5,Entry_Demo!$P$3:$P$33,"yes") | F5: =IFERROR(AVERAGEIFS(Entry_Demo!$S$3:$S$33,Entry_Demo!$H$3:$H$33,$A5,Entry_Demo!$S$3:$S$33,">0"),"n/a")
A6: WEST | B6: =COUNTIFS(Entry_Demo!$H$3:$H$33,$A6,Entry_Demo!$E$3:$E$33,"ROUND_1") | C6: =COUNTIFS(Entry_Demo!$H$3:$H$33,$A6,Entry_Demo!$E$3:$E$33,"ROUND_2") | D6: =B6+C6 | E6: =COUNTIFS(Entry_Demo!$H$3:$H$33,$A6,Entry_Demo!$P$3:$P$33,"yes") | F6: =IFERROR(AVERAGEIFS(Entry_Demo!$S$3:$S$33,Entry_Demo!$H$3:$H$33,$A6,Entry_Demo!$S$3:$S$33,">0"),"n/a")
A7: All regions | B7: =SUM(B3:B6) | C7: =SUM(C3:C6) | D7: =SUM(D3:D6) | E7: =SUM(E3:E6)
